time/steps,time/epochs,time/steps_per_second,train/outer_loss,train/pre_adapt_support_accuracy,train/post_adapt_support_accuracy,train/post_adapt_query_accuracy,valid/outer_loss,valid/pre_adapt_support_accuracy,valid/post_adapt_support_accuracy,valid/post_adapt_query_accuracy,step
0,0,368.4453068793433,2.1003217697143555,0.5173611268401146,0.548611119389534,0.5138888955116272,2.2198877811431883,0.440972226858139,0.463888892531395,0.43333333879709246,0
200,0,12.525289156728686,1.5851138520240784,0.6669791733473539,0.8367013940215111,0.7490972280502319,1.5733173847198487,0.6444444507360458,0.8493055611848831,0.765972226858139,250
500,0,12.364945826211992,1.261808830499649,0.6363541728258133,0.8825347281992435,0.8186111171543599,1.4183164834976196,0.8000000029802322,0.8979166686534882,0.8013888955116272,500
700,0,12.019867394993764,1.0253244799375534,0.6331250066310168,0.9113194495439529,0.8536805613338947,0.8849550962448121,0.8000000089406967,0.936111119389534,0.8944444507360458,750
1000,0,12.081662431478117,0.8516951924562455,0.6459027841687203,0.9196180590987205,0.8795486164093017,0.827732264995575,0.8430555641651154,0.9527777791023254,0.8763888984918594,1000
1200,0,12.636011806975983,0.8202876543998718,0.6495138937234879,0.9305902816355228,0.8844791722297668,0.815314519405365,0.8298611164093017,0.9340277791023255,0.8756944477558136,1250
1500,0,12.94789276896549,0.7822969231009483,0.6319444485753775,0.9367361125349999,0.8929166707396508,0.7148697018623352,0.8229166686534881,0.9416666686534881,0.9027777820825577,1500
1700,0,12.858060610356162,0.7448514899611474,0.6407986172661185,0.936631946414709,0.8974305599927902,0.7213348031044007,0.8472222268581391,0.9402777820825576,0.9027777820825577,1750
2000,0,13.139419910655288,0.7370212554931641,0.6493055598810316,0.9409722235798835,0.9001736149191857,0.7160925269126892,0.819444453716278,0.9631944417953491,0.9020833402872086,2000
2200,0,12.719258636809002,0.7232190677523613,0.6427430598437787,0.9421875013411045,0.9014236155152321,0.7112032055854798,0.8402777880430221,0.9638888895511627,0.9027777850627899,2250
2500,0,13.502694773844324,0.7128871446847915,0.6456597273796797,0.9462500008940696,0.9039236161112786,0.7152105212211609,0.8583333373069764,0.9680555522441864,0.9083333402872086,2500
2700,0,13.063343498269917,0.693516460955143,0.6411458373069763,0.9490972247719764,0.9038194487988949,0.6831658244132995,0.8611111223697663,0.9534722149372101,0.9215277820825577,2750
3000,0,12.982488591776322,0.7175551471114159,0.638958338573575,0.9557291673123837,0.9034722258150577,0.6465607762336731,0.7986111134290695,0.9381944447755813,0.9062500029802323,3000
3200,0,13.393774026174915,0.7015258303284645,0.6438194503262639,0.9543402774631977,0.9061805607378483,0.6286480009555817,0.8256944507360459,0.9534722179174423,0.9118055611848831,3250
3500,0,12.81023473954716,0.6856074517965317,0.6481250060722232,0.9478819440305233,0.9051041701436042,0.6228962242603302,0.8201388955116272,0.9652777731418609,0.9166666716337204,3500
3700,0,13.528771747520969,0.6548619350790977,0.6481597281619906,0.9525347237288951,0.9119791708886623,0.5759184718132019,0.8131944447755813,0.9506944417953491,0.9305555582046509,3750
4000,0,13.462195141013334,0.6611199662089348,0.6556944486498832,0.9592013883590699,0.911180558949709,0.5132425665855408,0.809722226858139,0.9645833313465119,0.9375000059604645,4000
4200,0,13.067394674042449,0.6523464334011078,0.6557986165955663,0.9597916670143605,0.9151388923823833,0.6820737659931183,0.7756944447755814,0.9638888895511627,0.9194444477558136,4250
4500,0,12.857182444480248,0.6229774716496468,0.6526041704788804,0.9560069438815116,0.9178125044703483,0.6418118715286255,0.8277777850627899,0.9548611104488373,0.9319444477558136,4500
4700,0,13.250840770305205,0.6415083983540535,0.6551736166328191,0.9594097219407558,0.912083336263895,0.540458756685257,0.8208333373069763,0.9687499970197677,0.9402777791023255,4750
5000,0,12.908712808082004,0.6104180550575257,0.6488194491714239,0.958645832836628,0.917326393276453,0.632980078458786,0.7923611164093017,0.9645833283662796,0.9104166686534881,5000
5200,0,13.109910064221088,0.6173556262254715,0.6556250041350722,0.965451388657093,0.9190972267091274,0.6850480914115906,0.7979166686534882,0.9722222179174423,0.8986111164093018,5250
5500,0,13.555416190438178,0.6334262001514435,0.6666319479048252,0.9559027789533139,0.9139583376049996,0.6274913311004638,0.7756944507360458,0.9555555582046509,0.922222226858139,5500
5700,0,13.501827185661519,0.6048340371251106,0.6640277839452028,0.9590277783572674,0.9176736162602901,0.5813742458820343,0.7493055611848831,0.9618055582046509,0.9256944537162781,5750
6000,0,13.176730311672117,0.5951622232794762,0.6641319489479065,0.9582291662693023,0.922013892531395,0.7222933530807495,0.7180555641651154,0.9555555492639541,0.895138892531395,6000
6200,0,13.116469244859477,0.6096843847632408,0.6680555602535605,0.9588888908922673,0.9191666711866856,0.5928475737571717,0.7229166746139526,0.9479166597127915,0.9319444477558136,6250
6500,1,13.656223278239969,0.6108969706296921,0.6674305606260895,0.9600694441795349,0.9188888917863369,0.8022181153297424,0.7458333373069763,0.967361107468605,0.8923611223697663,6500
6700,1,13.317213285843584,0.6354469072818756,0.6700000056251884,0.9620486097037793,0.91725694835186,0.5457264840602875,0.7375000029802322,0.9541666656732559,0.9444444477558136,6750
7000,1,13.08366249117837,0.5993529677391052,0.6652777832746506,0.9603819432854652,0.9218055586516857,0.6039478540420532,0.7500000089406967,0.9743055462837219,0.9104166746139526,7000
7200,1,13.256552881705346,0.5968836548924447,0.671423617452383,0.960937499254942,0.9219791689515113,0.6833049535751343,0.6722222343087196,0.9736111104488373,0.9187500059604645,7250
7500,1,13.331452952806105,0.5935164803266525,0.666840282715857,0.9620138873159886,0.9201041708886624,0.5846975982189179,0.7750000089406968,0.9611111074686051,0.92777778506279,7500
7700,1,13.040217293843014,0.5715301838517189,0.6684027832746505,0.9624999988079072,0.9235416705906391,0.6672336518764496,0.7506944417953492,0.9743055522441864,0.9145833373069763,7750
8000,1,13.133902043723769,0.5887562909722328,0.6754513946175575,0.9578472213447093,0.9223958361148834,0.6625009298324585,0.6888888955116272,0.9763888895511628,0.9138888865709305,8000
8200,1,13.500891480302794,0.5818217200040817,0.6794097275286913,0.9613541661202908,0.9210069482028485,0.6539813578128815,0.6381944462656974,0.9465277820825577,0.9243055552244186,8250
8500,1,13.243768917340054,0.5695200064778327,0.6817013936489821,0.9604861100018024,0.9261458367109299,0.6856351971626282,0.6284722238779068,0.9534722179174423,0.9166666716337204,8500
8700,1,13.139163478755224,0.5543168038129807,0.67541667137295,0.9644097219407558,0.9280208353698254,0.6206059694290161,0.6652777805924416,0.9520833343267441,0.9166666716337204,8750
9000,1,13.343085741277168,0.5610839375853538,0.6715277812629938,0.9615972216427326,0.9254861138761044,0.6401535153388977,0.6750000029802322,0.9479166716337204,0.9180555522441864,9000
9200,1,13.35694481491304,0.567987144291401,0.6747916727513075,0.9592013883590699,0.9277083356678486,0.5967090547084808,0.6229166731238365,0.9673611134290695,0.9298611134290695,9250
9500,1,13.303704445211821,0.5957404413819313,0.6791319482028484,0.9627777759730816,0.9203125028312207,0.4843264937400818,0.6458333387970925,0.9631944417953491,0.9395833313465118,9500
9700,1,12.870361221595354,0.5682151973247528,0.6819097265601158,0.9605902776122093,0.925277779251337,0.696007490158081,0.6131944566965103,0.9604166686534882,0.9125,9750
10000,1,13.086635170743874,0.5651187974214554,0.6753819484263659,0.9628819440305233,0.9278819461166858,0.5787385106086731,0.6833333402872086,0.9569444447755814,0.9208333343267441,10000
10200,1,12.898762051541796,0.553331329524517,0.665833337828517,0.9645486101508141,0.9306944465637207,0.6089809238910675,0.6555555582046508,0.9798611104488373,0.9277777731418609,10250
10500,1,12.90410312738454,0.5799838128685951,0.6771180601790547,0.9619097208976746,0.9245486144721508,0.7123711824417114,0.6680555626749992,0.9604166656732559,0.9152777850627899,10500
10700,1,13.483969063574396,0.5892384433746338,0.6774305597320199,0.9631944423913956,0.9224652802944183,0.5603632092475891,0.5923611149191856,0.9569444447755814,0.9215277761220932,10750
11000,1,13.19063156908896,0.5433089318871498,0.6688888926804065,0.966388887912035,0.9310763911902904,0.6140075087547302,0.6388888925313949,0.9652777701616287,0.9215277880430222,11000
11200,1,13.745730865446685,0.5667584252357483,0.6760416708886623,0.9653819426894188,0.9277083371579647,0.5124039232730866,0.617361119389534,0.9520833283662796,0.9333333373069763,11250
11500,1,13.431283868183009,0.5637852856516838,0.6754513934999704,0.9608333326876164,0.9288541696965694,0.6583009243011475,0.620138892531395,0.9638888895511627,0.9159722208976746,11500
11700,1,12.90047631725416,0.5878021770715713,0.6830902809649706,0.9654861089587211,0.9219097271561623,0.7554581642150879,0.6409722298383713,0.9618055552244187,0.9187500059604645,11750
12000,1,13.437215062545318,0.5689850276708603,0.6787500044330954,0.961458333581686,0.9234027788043022,0.5934207379817963,0.6187499985098839,0.9465277761220932,0.9298611134290695,12000
12200,1,13.369315030365494,0.6041747999191284,0.6740972278267146,0.964097220748663,0.9226041689515114,0.6889010787010192,0.643055559694767,0.96875,0.9180555552244186,12250
12500,1,13.152804059876607,0.5968678817152977,0.678263893276453,0.9612152762711048,0.9188888904452324,0.5629181146621705,0.6361111134290696,0.9569444447755814,0.9243055522441864,12500
12700,2,13.34164862196866,0.5993007275462151,0.6919791704416275,0.9628124979138374,0.9178125037252903,0.6403596222400665,0.6319444492459297,0.9687499940395355,0.9215277820825577,12750
13000,2,13.121827967784212,0.5760622680187225,0.67378472648561,0.964999999254942,0.9267361150681972,0.6124574899673462,0.5805555537343026,0.9631944417953491,0.9111111134290695,13000
13200,2,12.754367172285631,0.5381818494200706,0.675659724548459,0.9639236092567444,0.9300347247719765,0.6066030502319336,0.65625,0.9729166686534881,0.9305555552244187,13250
13500,2,13.107120538081737,0.5809399271011353,0.6724305598437786,0.9630902762711048,0.9251736122369766,0.6547784149646759,0.6458333373069763,0.9638888835906982,0.9180555582046509,13500
13700,2,13.298424276305374,0.5644388335943222,0.6765277826040983,0.9605208329856396,0.9255208359658718,0.5099813044071198,0.6354166716337204,0.9673611044883728,0.9416666686534881,13750
14000,2,13.392869487644282,0.5697984954714775,0.6785416715592146,0.9605902779102325,0.9258333349227905,0.5934619605541229,0.6326388955116272,0.9694444447755813,0.9229166686534882,14000
14200,2,13.64802029053859,0.5700305360555649,0.6831250034272671,0.9613541656732559,0.928611114025116,0.540028303861618,0.6583333432674408,0.9638888895511627,0.9312500089406968,14250
14500,2,13.699147885921347,0.5790479120612144,0.6768750043213367,0.9568402771651745,0.9253819468617439,0.5346575200557708,0.6423611178994179,0.9708333313465118,0.9472222298383712,14500
14700,2,13.300926751168891,0.5688905766606331,0.6720833381265402,0.9620833322405815,0.9270486137270928,0.6027402758598328,0.6562500014901161,0.9701388895511627,0.922222226858139,14750
15000,2,13.07856366743991,0.6152113273739814,0.6707291706651449,0.9628472211956978,0.9205208353698253,0.5221242547035218,0.642361119389534,0.9631944477558136,0.9409722208976745,15000
15200,2,13.2241406626252,0.5822685170173645,0.6661111158877611,0.9649305553734302,0.9217013919353485,0.6412496566772461,0.6499999985098839,0.9631944477558136,0.9305555552244187,15250
15500,2,13.551298496053818,0.5630239504575729,0.6770138924568891,0.9629861113429069,0.9269097232818604,0.5683404207229614,0.6201388880610466,0.9513888865709305,0.9340277761220932,15500
15700,2,13.576674180555449,0.5649983322620392,0.6783680603653193,0.966076387912035,0.9270486131310463,0.6682886600494384,0.6493055611848831,0.9624999970197677,0.9187499970197678,15750
16000,2,12.841675091938075,0.5476320093870163,0.6720486152172088,0.9634027767181397,0.9268055568635464,0.5792814910411834,0.6347222194075585,0.9631944477558136,0.938888892531395,16000
16200,2,13.472545975665733,0.5624686762690544,0.6760416691750288,0.962604165226221,0.9264236128330231,0.6713739037513733,0.622222226858139,0.96875,0.9083333343267441,16250
16500,2,12.954698503717225,0.567665517628193,0.6756944505125284,0.9664930543303489,0.9291666693985462,0.7281270265579224,0.6361111238598823,0.9513888925313949,0.9166666686534881,16500
16700,2,13.295003136968578,0.5431540742516517,0.667743059694767,0.9652777773141861,0.9323958361148834,0.5481289863586426,0.6326388850808143,0.9548611074686051,0.9340277791023255,16750
17000,2,13.161989661149775,0.5491987895965577,0.670937503874302,0.965902774631977,0.9308333358168602,0.5841115772724151,0.6645833373069763,0.9638888895511627,0.9125000059604644,17000
17200,2,13.11796041696828,0.5493634077906608,0.6676388934254647,0.9618055540323257,0.92909722417593,0.6669167280197144,0.625,0.9611111074686051,0.9243055611848832,17250
17500,2,13.16096500974575,0.5532910117506981,0.6743402817100287,0.9642361089587211,0.9268055585026741,0.557949960231781,0.609027786552906,0.9583333373069763,0.9277777791023254,17500
17700,2,13.694178717693516,0.5656033444404602,0.6696875040978193,0.9656944417953491,0.9295138908922672,0.7532441735267639,0.5750000014901161,0.9597222179174423,0.9118055522441864,17750
18000,2,12.987051108361687,0.5694073793292046,0.6716319505125284,0.9662499988079071,0.9227777822315693,0.5903118133544922,0.606944440305233,0.9618055582046509,0.9333333313465119,18000
18200,2,13.185252160358894,0.5453796392679214,0.6758333375304937,0.9670833331346512,0.9304166686534882,0.6100209593772888,0.6291666746139526,0.9652777761220932,0.9319444447755814,18250
18500,2,13.33402382929541,0.5544686934351921,0.6761111152172089,0.9638888868689537,0.9280902776122093,0.6245333790779114,0.6638888895511628,0.9465277850627899,0.9159722238779068,18500
18700,2,12.623773387125853,0.5818305988609791,0.6788194479048252,0.9641319435834884,0.923680558502674,0.6128621995449066,0.6687500089406967,0.9722222208976745,0.9263888955116272,18750
19000,3,13.14006247499606,0.5673172125220298,0.6754513938724994,0.9612847203016281,0.9296180565655231,0.6574847817420959,0.668055559694767,0.9659722208976745,0.9159722268581391,19000
19200,3,13.144773513540109,0.5650351712107659,0.6750347251072526,0.9614930532872676,0.9273611132800579,0.679379117488861,0.6569444477558136,0.9444444507360459,0.9118055641651154,19250
19500,3,13.296251084006562,0.5665832471847534,0.6731597268581391,0.9643055528402329,0.9255902802944184,0.5578903675079345,0.6555555537343025,0.9493055522441864,0.9354166746139526,19500
19700,3,13.351204952817065,0.5565970742702484,0.6757638923078776,0.9666666662693024,0.9266666688024998,0.6358272552490234,0.6576389014720917,0.9548611074686051,0.922222226858139,19750
20000,3,12.811111981956518,0.5311563724279403,0.6729513941332698,0.9619444431364537,0.9349652799963951,0.6777127027511597,0.6756944477558136,0.9597222238779068,0.9180555641651154,20000
20200,3,13.147439381657485,0.5388432767987251,0.6775347244739532,0.9639930546283721,0.9340277791023255,0.5878275990486145,0.6500000059604645,0.9527777761220932,0.9354166746139526,20250
20500,3,13.274832930897254,0.5697921325266361,0.6690625045448542,0.9677777759730816,0.9291319474577904,0.510207200050354,0.6465277791023254,0.970138880610466,0.9458333313465118,20500
20700,3,13.166622200361061,0.572458240389824,0.6700000051409006,0.9637499986588955,0.9252430570125579,0.601446008682251,0.6465277791023254,0.9638888895511627,0.9298611074686051,20750
21000,3,13.054710679993127,0.5264022290706635,0.6811111138015985,0.9657291655242443,0.9329166688024998,0.5350662291049957,0.7034722208976746,0.9645833313465119,0.9423611164093018,21000
21200,3,12.852918266665975,0.5640389683842659,0.6863888933882117,0.9632291649281979,0.9300347237288952,0.5457115828990936,0.6708333402872085,0.9694444358348846,0.9270833373069763,21250
21500,3,13.06085559468096,0.5481181892752648,0.6760069467499852,0.9658333329856396,0.9337152802944183,0.6220462858676911,0.6618055537343025,0.9687500059604645,0.9194444477558136,21500
21700,3,13.11502434155327,0.5480882662534714,0.67381944835186,0.9656944426894188,0.931840278506279,0.5548866033554077,0.6263888940215111,0.9472222268581391,0.9326388895511627,21750
22000,3,13.544297768242991,0.5872625026106835,0.6709027830511332,0.9645138873159885,0.9217708368599414,0.7271957755088806,0.6104166701436042,0.9722222208976745,0.9111111164093018,22000
22200,3,13.017834599511014,0.5649124521017075,0.6796180587261915,0.966944442242384,0.928402778506279,0.7605393528938293,0.5833333402872085,0.9499999970197678,0.8965277761220932,22250
22500,3,13.583932790768932,0.5233032518625259,0.665937504991889,0.9671874986588955,0.9362500013411045,0.5838549911975861,0.5923611178994179,0.9590277791023254,0.9194444477558136,22500
22700,3,13.350548797016213,0.572949997484684,0.6828819489479065,0.9604166659712792,0.9244791680574417,0.5265939474105835,0.5569444477558136,0.9590277701616288,0.9215277820825577,22750
23000,3,13.457560004848734,0.5527974146604538,0.6724305599555374,0.9634722210466862,0.9290972244739533,0.5843345522880554,0.6208333373069763,0.9624999970197677,0.9201388925313949,23000
23200,3,13.520501884367986,0.5011118245124817,0.6644791696965694,0.9673263885080814,0.9388194461166859,0.7316119790077209,0.6333333358168602,0.9763888835906982,0.9111111164093018,23250
23500,3,13.31713929083213,0.5627724689245224,0.6736805588752032,0.9656597220897675,0.9298958349227905,0.7724745750427247,0.5993055641651154,0.9694444417953492,0.8854166686534881,23500
23700,3,13.29544480167243,0.5834021505713463,0.6696875045448542,0.9712499973177909,0.9257986146211624,0.6232015907764434,0.5875,0.9631944447755814,0.9284722238779068,23750
24000,3,13.49359195742408,0.5580821633338928,0.6692013928294182,0.9655208320915699,0.9295138907432556,0.6240621566772461,0.623611107468605,0.9666666716337204,0.9229166686534882,24000
24200,3,13.520780390989792,0.5225357285141945,0.6793055599927902,0.9684722213447094,0.9343402788043023,0.583417996764183,0.6694444492459297,0.96875,0.9270833343267441,24250
24500,3,12.95375067906521,0.5519391012191772,0.6705902817845345,0.9648611080646515,0.9278819479048253,0.5652849197387695,0.6347222328186035,0.9618055582046509,0.926388892531395,24500
24700,3,13.133733424951759,0.5366519610583782,0.6767013929784298,0.9602083326876163,0.931562501937151,0.5979672789573669,0.6423611149191857,0.9562499970197678,0.9298611134290695,24750
25000,3,13.651415824893085,0.5286300656199455,0.6717013920843601,0.9655208328366279,0.9330555582046509,0.5736783444881439,0.5965277835726738,0.9701388895511627,0.9256944477558136,25000
25200,4,13.280001453918617,0.5310168024897576,0.6744097266346216,0.9651041647791863,0.9348958340287209,0.6219089090824127,0.649305559694767,0.9604166656732559,0.9215277791023254,25250
25500,4,12.993440801601876,0.509718342423439,0.6781944481283426,0.9664930546283722,0.9374305568635464,0.5389891982078552,0.5999999985098838,0.9534722208976746,0.9305555582046509,25500
25700,4,12.9972642648736,0.5395103831589222,0.6802777829766273,0.9668402756750584,0.9327430580556393,0.6001750230789185,0.6187500074505806,0.96875,0.9208333402872085,25750
26000,4,14.326881443640548,0.5444130888581276,0.6694444480538368,0.9674999988079072,0.9296527799963951,0.614492666721344,0.6298611149191856,0.9763888895511628,0.9208333373069764,26000
26200,4,14.018481463305742,0.5390612629055976,0.6727777809649705,0.9661111089587212,0.9338194465637207,0.6688433051109314,0.6229166701436043,0.9826388895511627,0.9159722238779068,26250
26500,4,13.217005227302778,0.522986283004284,0.6760416704416276,0.9686111086606979,0.933020834773779,0.5358680307865142,0.6402777835726738,0.9631944417953491,0.9340277731418609,26500
26700,4,13.041351769661523,0.5230483236908913,0.6702430584281683,0.9645833320915699,0.9357986125349999,0.7107100129127503,0.6111111208796501,0.9687500029802323,0.9062500089406967,26750
27000,4,13.422683394841506,0.5249684968590737,0.6709375025331974,0.9638888873159885,0.9375694453716278,0.5527256011962891,0.6354166701436043,0.9659722208976745,0.9402777791023255,27000
27200,4,13.163333389824231,0.5585011467337608,0.6769791708141565,0.9693402759730816,0.9293750010430812,0.5390897572040558,0.6298611178994179,0.9527777761220932,0.9319444447755814,27250
27500,4,13.292308269577504,0.5585473865270615,0.6757291694730521,0.9665972201526165,0.9282638901472091,0.5674145221710205,0.6652777850627899,0.9576388895511627,0.926388892531395,27500
27700,4,12.943694842262081,0.5346802175045013,0.6737847261875868,0.968229165226221,0.9325694464147091,0.6414481163024902,0.6152777776122094,0.9625,0.9305555582046509,27750
28000,4,12.910293812557597,0.5161641362309456,0.6766666724532843,0.9659374995529652,0.9359722244739532,0.5910952687263489,0.6215277865529061,0.9569444447755814,0.9291666656732559,28000
28200,4,13.705871167678788,0.5528247880935669,0.6718055593594908,0.9688541655242443,0.9301041676104069,0.558623069524765,0.6145833373069763,0.964583334326744,0.919444453716278,28250
28500,4,13.200760389258873,0.525522311925888,0.6710763926804065,0.9682986100018024,0.9372222247719765,0.7223146915435791,0.5854166731238365,0.979861107468605,0.8993055611848831,28500
28700,4,13.136027834083636,0.5368885610997677,0.668263892531395,0.9688888874650001,0.9336805565655232,0.7287474989891052,0.5958333432674408,0.9611111074686051,0.9097222268581391,28750
29000,4,13.064357887873822,0.5465200987458229,0.674826393276453,0.9626388871669769,0.9305555579066277,0.6261412024497985,0.5812500029802322,0.9520833313465118,0.9277777791023254,29000
29200,4,12.918619642356967,0.5680434769392013,0.6661458372324706,0.9696874991059303,0.9281944458186626,0.5112935781478882,0.5479166671633721,0.9701388955116272,0.9493055552244186,29250
29500,4,13.136987709099516,0.5302624927461147,0.6695486138015986,0.9649652762711048,0.9337500010430813,0.5337240755558014,0.5951388940215111,0.9611111164093018,0.9270833432674408,29500
29700,4,13.006300373279194,0.5059506332874298,0.673090284243226,0.967916662991047,0.9383680547773838,0.5920378148555756,0.5618055522441864,0.9722222179174423,0.9312500089406968,29750
30000,4,13.056052099895403,0.5820419719815254,0.6738888929784298,0.9684374980628491,0.9285416677594185,0.8280394315719605,0.5680555522441864,0.9652777761220932,0.8979166775941849,30000
30200,4,13.447088180632152,0.546061915755272,0.6712152803689242,0.9674999986588955,0.9318402780592442,0.6135641217231751,0.6013888880610466,0.9666666626930237,0.92777778506279,30250
30500,4,12.640041067211063,0.5251115754246711,0.6758680605143309,0.9651041653752327,0.9342708349227905,0.7066921710968017,0.6027777791023254,0.9666666626930237,0.9208333343267441,30500
30700,4,13.3976043791467,0.5492756965756417,0.6769097271561623,0.9668055541813374,0.9322222231328487,0.5477887570858002,0.5965277805924416,0.9736111164093018,0.9430555611848831,30750
31000,4,13.260750372548227,0.5381323140859604,0.6768402817845345,0.967916664481163,0.9340972244739533,0.5077558279037475,0.6402777776122093,0.9638888865709305,0.9236111104488373,31000
31200,4,12.997383482285237,0.5536240372061729,0.671284728050232,0.9640972204506397,0.930034723430872,0.6186000168323517,0.6465277820825577,0.9597222149372101,0.9152777701616287,31250
31500,5,13.544454787372317,0.5149831452965736,0.6829166701436042,0.9677777762711048,0.9367013910412788,0.6499475538730621,0.6548611104488373,0.9569444388151169,0.9194444507360459,31500
31700,5,13.172212276956184,0.552371719777584,0.6764583370834589,0.9677083316445351,0.9291666692495346,0.6268947720527649,0.6618055611848831,0.9625,0.9097222268581391,31750
32000,5,12.96233697272315,0.5422590690851211,0.683472226113081,0.9667013882100582,0.9300694462656974,0.5768364787101745,0.5972222238779068,0.9624999970197677,0.9270833373069763,32000
32200,5,13.47978028457951,0.5221715208888054,0.6709375044703484,0.9679513873159885,0.9361111132800579,0.5372929453849793,0.6152777895331383,0.9631944507360458,0.9319444507360458,32250
32500,5,13.491008656424771,0.5487556251883506,0.6746180589497089,0.9658680549263954,0.9318402789533138,0.5526658177375794,0.620138892531395,0.9659722238779068,0.9375000029802323,32500
32700,5,12.811266157397203,0.5642907020449638,0.6751388921588659,0.9682291641831398,0.930937501937151,0.5702084362506866,0.6583333343267441,0.9527777791023254,0.9312499970197677,32750
33000,5,12.965717683459413,0.5531158000230789,0.668819447979331,0.9680555538833141,0.9293055573105812,0.5992513835430145,0.5868055582046509,0.9729166686534881,0.9229166597127915,33000
33200,5,12.819608508241014,0.5417350509762764,0.6739236164465546,0.9693402767181396,0.9318402794003486,0.6543172478675843,0.6569444507360458,0.9631944417953491,0.9215277791023254,33250
33500,5,13.175211263995449,0.5387791010737419,0.6751041700690985,0.9670833320915699,0.9317361126840115,0.7107181906700134,0.6402777805924416,0.9652777701616287,0.910416665673256,33500
33700,5,13.448746035408488,0.5289645466208458,0.6803472276031971,0.9679166640341282,0.9329861110448837,0.4869744122028351,0.6548611223697662,0.9666666656732559,0.9437500029802323,33750
34000,5,13.033854023025118,0.5390839877724648,0.6695138943195343,0.9642013876140118,0.9312500023841858,0.761163854598999,0.6375000074505806,0.9513888895511627,0.9097222268581391,34000
34200,5,13.158287875067943,0.5299883297085762,0.6721527824550867,0.9676388873159886,0.9346180565655231,0.5357632339000702,0.5888888984918594,0.9527777761220932,0.9305555611848831,34250
34500,5,13.467089015854791,0.5609169209003448,0.6738541711866856,0.9661458303034306,0.9257986137270927,0.6583455741405487,0.6138888955116272,0.9743055552244186,0.9166666716337204,34500
34700,5,13.233856693273077,0.5384660026431084,0.6636458388715982,0.9652430531382561,0.9330902795493603,0.7132323265075684,0.615277786552906,0.9506944447755814,0.8923611104488373,34750
35000,5,12.932723415952564,0.5385258919000626,0.6805902820080518,0.9686805535852909,0.9337847234308719,0.5735057651996612,0.5923611164093018,0.963888892531395,0.9243055552244186,35000
35200,5,13.031858347193568,0.5188390487432479,0.6717361156642437,0.9696874977648258,0.9324652807414532,0.7233462333679199,0.6006944492459297,0.9729166626930237,0.9062500029802323,35250
35500,5,12.66646405014324,0.5294043612480164,0.6714583381265402,0.9676736095547676,0.935520836263895,0.5979334712028503,0.6083333328366279,0.9486111104488373,0.9381944477558136,35500
35700,5,13.12881289795786,0.51356738448143,0.6718750051409006,0.9630208320915699,0.9367361131310463,0.5663565874099732,0.6388888865709305,0.9652777820825577,0.9243055611848832,35750
36000,5,13.018630998658377,0.5413903333246708,0.6769791712611913,0.9654861102998257,0.9351388888061046,0.6404433131217957,0.6222222238779068,0.9479166656732559,0.9034722238779068,36000
36200,5,12.90967074169024,0.5330841574072838,0.6742708370834589,0.9711458317935466,0.9320833331346512,0.523019015789032,0.6333333343267441,0.9611111164093018,0.93125,36250
36500,5,13.023999031189037,0.5417406824231148,0.6694791708141565,0.9701388868689537,0.9323263908922672,0.7497308135032654,0.674305559694767,0.9541666656732559,0.9006944447755814,36500
36700,5,13.042709102090734,0.5228952552378178,0.6771180593967437,0.9667013882100582,0.934652779251337,0.7149251818656921,0.598611119389534,0.9465277791023254,0.9208333343267441,36750
37000,5,13.175468277144642,0.5225753135979175,0.6743750061094761,0.9714583316445351,0.9381597231328488,0.5796603977680206,0.611111119389534,0.9659722179174424,0.9354166746139526,37000
37200,5,12.9691558993215,0.5208331739902496,0.6742013932019472,0.9714583306014538,0.9354513907432556,0.6002317786216735,0.640277786552906,0.977777773141861,0.91875,37250
37500,5,13.225126802557556,0.5829048290848732,0.6750347255915403,0.9707986088097096,0.9260763894021511,0.6127500772476197,0.6326388910412788,0.9638888865709305,0.9180555611848831,37500
37700,6,12.881496852892052,0.5136774657666683,0.6780902804434299,0.969201386719942,0.9367708341777324,0.5839633166790008,0.6138888895511627,0.9541666656732559,0.9201388865709305,37750
38000,6,12.949574141482152,0.5265808466076851,0.6781944487988949,0.9669444425404072,0.9345833340287208,0.5366619050502777,0.6027777835726738,0.9541666686534882,0.9236111104488373,38000
38200,6,12.750207730637854,0.5388909311592579,0.6707291722297668,0.968784720748663,0.9304861138761044,0.6138274848461152,0.6638888970017434,0.9638888955116272,0.9173611104488373,38250
38500,6,12.733311766597401,0.5238891288638114,0.6715625049173832,0.9669444420933724,0.9312847246229649,0.782246220111847,0.6340277820825577,0.9618055522441864,0.9048611134290695,38500
38700,6,12.77314435484841,0.5291571134328842,0.6665625046566128,0.9703819419443608,0.9330902794003486,0.5046667575836181,0.6722222223877907,0.9631944477558136,0.9402777791023255,38750
39000,6,12.618306096233814,0.5440248480439186,0.6770833369344473,0.9684374974668026,0.9302083361148834,0.5899601459503174,0.6437500014901161,0.9784722179174423,0.9201388865709305,39000
39200,6,13.433896838160853,0.5329106763005257,0.6760069500654936,0.9698263864219189,0.9349305564165116,0.6218885362148285,0.5750000029802322,0.9597222179174423,0.9388888865709305,39250
39500,6,12.836627951460619,0.4938058024644852,0.6673611139506102,0.9702083310484886,0.9386805559694767,0.8009520053863526,0.6187500074505806,0.9583333283662796,0.9006944477558136,39500
39700,6,12.35205772310178,0.5555852201581001,0.6742361155897378,0.9669791653752327,0.9311458359658719,0.5486504554748535,0.5826388955116272,0.9770833313465118,0.9222222179174423,39750
40000,6,12.577640082159563,0.5320116183161736,0.6780902803689242,0.9684374992549419,0.9341666679084301,0.5572567224502564,0.6333333373069763,0.9541666686534882,0.9340277850627899,40000
40200,6,13.279141645815429,0.513717717975378,0.6806597266718746,0.9676388864219189,0.9363194453716278,0.5348330855369567,0.6263888940215111,0.9423611164093018,0.9340277820825577,40250
40500,6,13.276946171709879,0.5455103290081024,0.6723611161857843,0.9682638862729073,0.9338541686534881,0.48783414363861083,0.6347222268581391,0.9680555552244187,0.933333334326744,40500
40700,6,13.481590942570367,0.5344774368405342,0.679930560812354,0.9705208316445351,0.9333680567145347,0.5465447306632996,0.5986111119389534,0.9784722238779068,0.9368055522441864,40750
41000,6,13.488401619339873,0.5348237362504006,0.6796180590987205,0.9694444423913956,0.9329513908922672,0.5836087107658386,0.6069444507360459,0.9618055552244187,0.9236111074686051,41000
41200,6,12.923450742620895,0.5525555852055549,0.6787500048428774,0.9635763883590698,0.9284375014901162,0.5811258554458618,0.605555559694767,0.9604166716337204,0.9354166686534882,41250
41500,6,13.145269110132604,0.540673282891512,0.6638541712984443,0.9672222219407558,0.9335416696965695,0.5389307320117951,0.6062500059604645,0.964583334326744,0.9326388955116272,41500
41700,6,13.46905586674398,0.5229953198134899,0.6707291709631682,0.9688541649281979,0.9291319450736046,0.5130822837352753,0.5833333402872085,0.9666666686534882,0.9305555522441864,41750
42000,6,13.273415096158987,0.5309277410805225,0.6660763921588659,0.9632986089587212,0.9325000004470348,0.6171604335308075,0.5881944432854652,0.9534722238779068,0.9159722208976746,42000
42200,6,13.227444080412994,0.555804842710495,0.664826393276453,0.9659027761220932,0.9327083358168602,0.6059027075767517,0.6062500059604645,0.9569444477558136,0.9055555611848831,42250
42500,6,12.868140116341767,0.5234278509020805,0.6755208358168602,0.9648958317935467,0.9369097219407558,0.5366141557693481,0.5826388970017433,0.9722222179174423,0.9458333402872086,42500
42700,6,13.293382546343842,0.5439984020590782,0.6801388917863369,0.9654513889551163,0.9321875001490116,0.7144883155822754,0.6159722298383713,0.9479166686534881,0.9138888925313949,42750
43000,6,12.842196853424419,0.5310815781354904,0.6753125028312206,0.969513887912035,0.9339930577576161,0.5819582223892212,0.6493055626749993,0.9638888865709305,0.9180555611848831,43000
43200,6,12.928368743368873,0.5190867829322815,0.6678472263738513,0.9658680541813374,0.9379166671633721,0.7097509741783142,0.6027777880430222,0.9645833283662796,0.9048611134290695,43250
43500,6,13.252296914106886,0.5646615843474865,0.6750694493949413,0.9665972211956978,0.9277430585026741,0.4541431725025177,0.5979166746139526,0.9638888835906982,0.9437499970197678,43500
43700,6,12.843892576128155,0.519141966253519,0.6784375038743019,0.9674652758240699,0.9329861131310463,0.4982371151447296,0.6027777850627899,0.9625,0.934722226858139,43750
44000,7,13.42954130618214,0.4929266160726547,0.6691666699200869,0.9680555531382561,0.9389930556714535,0.5427709877490997,0.6402777805924416,0.9611111074686051,0.9277777731418609,44000
44200,7,13.367480297542242,0.5587056973576545,0.676909725740552,0.9657638873159885,0.9303125002980233,0.49365135431289675,0.5979166701436043,0.9701388865709305,0.9326388955116272,44250
44500,7,13.726791327705385,0.5177881732583046,0.6726041696965694,0.9638194428384304,0.9340625013411045,0.6783118367195129,0.6069444477558136,0.9416666686534881,0.9152777791023254,44500
44700,7,13.278679203397779,0.529137723594904,0.6816319487988949,0.967812497317791,0.9349305567145347,0.5737475633621216,0.6284722253680229,0.957638892531395,0.9312499970197677,44750
45000,7,12.573190283540864,0.5357967337965965,0.6851041699945927,0.9701041647791863,0.9336111126840114,0.5790750741958618,0.6097222208976746,0.9659722208976745,0.9215277850627899,45000
45200,7,12.731651298728579,0.5568166950345039,0.6724652817100286,0.968611109405756,0.927361112833023,0.772943764925003,0.6965277880430222,0.9486111134290696,0.9159722268581391,45250
45500,7,13.082948710354621,0.5201641058921814,0.6721875046193599,0.9700347198545933,0.934166667163372,0.6641612410545349,0.5854166686534882,0.9652777701616287,0.9145833432674408,45500
45700,7,13.025641573492772,0.539254387319088,0.6746527805179358,0.9683680540323257,0.9340277792513371,0.613517415523529,0.6166666775941849,0.95625,0.9340277820825577,45750
46000,7,11.980699047400654,0.5223074975609779,0.677847224920988,0.9677083319425583,0.9333680561184883,0.727441918849945,0.6402777761220932,0.973611107468605,0.9069444507360458,46000
46200,7,12.979840185618686,0.5406847679615021,0.6731597270071507,0.9682986091077328,0.9309722243249416,0.5520731151103974,0.6548611104488373,0.9631944388151169,0.9347222238779068,46250
46500,7,13.072668953480287,0.5430995383858681,0.6731250058114528,0.9671527773141861,0.9302430580556392,0.6057288229465485,0.5916666686534882,0.9375000029802323,0.9208333343267441,46500
46700,7,12.859005127286952,0.5498484951257706,0.6695486149936914,0.9650347198545933,0.9322916685044765,0.5501280397176742,0.5944444507360458,0.9583333313465119,0.9333333373069763,46750
47000,7,12.349585719684429,0.49135707020759584,0.6755208363384009,0.9671527759730816,0.9391319458186627,0.6542697548866272,0.5993055567145348,0.9527777791023254,0.9263888895511627,47000
47200,7,12.609176157385264,0.5201280508935452,0.6726736158877611,0.9690624983608722,0.9367361126840115,0.5798506498336792,0.6270833373069763,0.9388888895511627,0.926388892531395,47250
47500,7,12.912143908558848,0.5255392774939537,0.6695486158132553,0.9662499983608722,0.9322569464147091,0.5218017101287842,0.5736111178994179,0.9708333253860474,0.9354166656732559,47500
47700,7,12.947504668203338,0.5648719358444214,0.6694791707396507,0.9659722211956978,0.9299305579066277,0.5181791484355927,0.6229166746139526,0.9506944447755814,0.9361111164093018,47750
48000,7,12.978065811785395,0.5369670766592026,0.6768402803689242,0.9695486097037792,0.9319097237288951,0.5509321928024292,0.6166666716337204,0.9486111134290696,0.925,48000
48200,7,12.876340098376213,0.5429811590909958,0.6750347253680229,0.9687499971687794,0.9329513898491859,0.5650986015796662,0.6097222298383713,0.9597222238779068,0.926388892531395,48250
48500,7,13.168310425095562,0.5145660150051117,0.6685763923078776,0.970104165673256,0.935590278506279,0.6710699319839477,0.6173611178994178,0.9562499970197678,0.9125,48500
48700,7,12.689510870543545,0.5143803177773952,0.6769097272306681,0.9679513874650002,0.9355208347737789,0.718328309059143,0.6312500029802323,0.9680555522441864,0.901388892531395,48750
49000,7,13.064547518489013,0.5552072530984878,0.6840625044703483,0.9679166641831398,0.9305555573105813,0.6912602126598358,0.6354166701436043,0.9666666716337204,0.9180555522441864,49000
49200,7,12.944225725996837,0.5374766629934311,0.6698263937979937,0.9693749989569187,0.9345138910412788,0.646205735206604,0.6486111208796501,0.9743055552244186,0.9069444507360458,49250
49500,7,12.88587502928221,0.5181574347615242,0.6755208380520343,0.9704166629910469,0.9339236137270928,0.5742881953716278,0.6270833298563957,0.9715277701616287,0.9138888955116272,49500
49700,7,12.537463943952451,0.5378519648313522,0.6814236154407263,0.9730902755260468,0.9352430589497089,0.49175634384155276,0.618055559694767,0.964583334326744,0.9444444447755813,49750
50000,7,12.763420849140514,0.5288937944173813,0.67190972648561,0.9698263864219189,0.9313888907432556,0.6442448377609253,0.6229166775941849,0.9750000029802323,0.9118055552244186,50000
50200,8,12.895486734598881,0.5236686420440674,0.678263893276453,0.9651041647791863,0.9347569455206394,0.6031625151634217,0.6201388850808144,0.9749999970197678,0.9333333283662796,50250
50500,8,12.726999580318616,0.5211666294932366,0.6691319505125284,0.9692361092567444,0.9339236126840115,0.4875145792961121,0.5833333432674408,0.9513888835906983,0.9319444417953491,50500
50700,8,12.611525280787557,0.5065036368370056,0.6811458379775286,0.9691666655242444,0.9373611119389534,0.7165603458881378,0.6166666731238365,0.9722222238779068,0.9097222238779068,50750
51000,8,13.211800716352771,0.5193038800358772,0.6739236164838076,0.9687499983608723,0.9351041689515114,0.5041236639022827,0.6354166701436043,0.9562499940395355,0.932638892531395,51000
51200,8,12.626090704992935,0.5168119385838509,0.6740277826040983,0.9667013868689537,0.9350000011920929,0.4517376124858856,0.6625000059604644,0.9520833283662796,0.9513888955116272,51250
51500,8,12.782755684965396,0.5114826506376267,0.6804513927549124,0.968229165226221,0.9380902794003486,0.5246447741985321,0.6131944462656975,0.95,0.9534722179174423,51500
51700,8,13.102616950264865,0.5285158905386925,0.6718402830883861,0.9676736095547676,0.9358680579066276,0.6705471068620682,0.591666667163372,0.9673611104488373,0.9013888955116272,51750
52000,8,12.693861298353516,0.5274673736095429,0.6798611154407262,0.9674652752280235,0.9340277792513371,0.527088326215744,0.6062500029802322,0.9534722208976746,0.9388888895511627,52000
52200,8,12.88669535310381,0.5237763518095017,0.6805555622279644,0.9611458317935466,0.93440972417593,0.6071370482444763,0.5916666641831398,0.9791666656732559,0.9145833432674408,52250
52500,8,12.743592646343659,0.5137871995568275,0.6700000020861626,0.9698611088097095,0.9347222246229648,0.712087619304657,0.6173611164093018,0.9576388865709304,0.9097222208976745,52500
52700,8,12.656109749787776,0.521118745803833,0.6758333387970924,0.9706944414973259,0.9337847232818604,0.5315755248069763,0.5958333387970924,0.9451388865709305,0.9263888955116272,52750
53000,8,12.426978644774726,0.5117741298675537,0.6731250036507845,0.9647916652262211,0.936006947606802,0.5163166999816895,0.6256944477558136,0.9590277791023254,0.9388888865709305,53000
53200,8,12.318988391237633,0.5529315739870071,0.6788541692495346,0.9683333316445351,0.9327777799963951,0.5334158420562745,0.5784722298383713,0.9437499940395355,0.9319444417953491,53250
53500,8,13.080036850972046,0.5269531747698784,0.6690277821570635,0.9699999985098838,0.9326041670143604,0.6526437222957611,0.6173611268401146,0.9743055522441864,0.9270833373069763,53500
53700,8,12.761813094003902,0.51059469550848,0.6619444491714239,0.9695486092567444,0.9359722247719765,0.5559503674507141,0.6090277850627899,0.9687499970197677,0.9416666597127914,53750
54000,8,13.178943284346136,0.5086665767431259,0.6600694493204355,0.9711805549263954,0.9363888892531395,0.590205866098404,0.5770833343267441,0.9604166656732559,0.9166666656732559,54000
54200,8,12.694191312112588,0.5196570217609405,0.6736805597692728,0.9657291647791862,0.9315625013411045,0.5237985372543335,0.6291666701436043,0.9652777820825577,0.9451388955116272,54250
54500,8,12.566387828325144,0.536540812253952,0.6778125044703484,0.9705208316445351,0.9314930582046509,0.5721796810626983,0.6451388895511627,0.9673611134290695,0.9437499970197678,54500
54700,8,12.68113717187177,0.51957316249609,0.6786805598065258,0.9679861095547676,0.936284723430872,0.4885927736759186,0.6069444462656974,0.9458333343267441,0.93125,54750
55000,8,12.860943477153272,0.5368584635853767,0.678090283125639,0.9732638865709304,0.9341319474577904,0.5119761526584625,0.5958333358168602,0.9812499940395355,0.9340277791023255,55000
55200,8,13.13354548181322,0.5240546551346779,0.6715625039488077,0.9730208307504654,0.9340972232818604,0.5350913524627685,0.5715277820825577,0.9798611134290696,0.9256944447755814,55250
55500,8,12.86113355837357,0.5590174925327301,0.6677083387970925,0.9656249986588955,0.929375002682209,0.5994827926158905,0.5777777820825577,0.9597222208976746,0.9215277791023254,55500
55700,8,12.744886765907923,0.5147099208831787,0.6757638937234879,0.9687152762711048,0.9354861125349998,0.5774670720100403,0.5513888955116272,0.9590277791023254,0.9256944477558136,55750
56000,8,12.77256906812743,0.5175210624933243,0.6707986158505083,0.9687500001490116,0.9341666699945926,0.4926706314086914,0.5819444462656975,0.957638892531395,0.9375,56000
56200,8,12.676582436770909,0.5064512264728546,0.6727083377540112,0.9691666656732559,0.9376041682064533,0.53062145113945,0.5965277835726738,0.957638892531395,0.9395833373069763,56250
56500,9,12.655877563711947,0.5131916561722756,0.6750000034272671,0.9697222204506397,0.9396527791023255,0.5765357613563538,0.5819444447755814,0.9729166686534881,0.9250000059604645,56500
56700,9,12.807389810765141,0.5165871870517731,0.6763541708886623,0.9661111102998257,0.9357986111938953,0.766184252500534,0.5750000104308128,0.9673611104488373,0.9138888865709305,56750
57000,9,12.987462897532629,0.5463537535071373,0.6736458395421505,0.9699999982118607,0.9289583346247673,0.6273077726364136,0.5965277791023255,0.9652777731418609,0.9291666626930237,57000
57200,9,13.357511840875349,0.5392344844341278,0.6750000055879355,0.9632291659712792,0.9335069455206394,0.6492781817913056,0.6027777835726738,0.9597222208976746,0.9152777820825577,57250
57500,9,12.75531125630284,0.5195341673493385,0.6652777824550867,0.9681249985098839,0.9359027789533139,0.523086541891098,0.6208333373069763,0.9652777791023255,0.9270833373069763,57500
57700,9,12.68605546652839,0.47812383860349655,0.6788194489479065,0.9677430541813373,0.940625002682209,0.5907526850700379,0.6090277805924416,0.964583334326744,0.9354166626930237,57750
58000,9,12.680062198543471,0.5337014836072922,0.6714583382755518,0.9688194437325001,0.9339930558204651,0.6390039205551148,0.6000000044703484,0.9638888895511627,0.9243055582046509,58000
58200,9,12.466540213076787,0.5446202480792999,0.6641319489479065,0.9720486085116863,0.9308333352208138,0.5406100213527679,0.5590277865529061,0.9631944417953491,0.9291666686534882,58250
58500,9,12.650191664863828,0.5025613625347615,0.6712500035017729,0.9662847205996513,0.9382986129820347,0.6670276403427124,0.5937500014901161,0.9694444358348846,0.9111111164093018,58500
58700,9,12.705454328232193,0.5247123405337334,0.6782291708886623,0.9694097211956978,0.9349305562674999,0.5003445684909821,0.6118055641651153,0.9569444447755814,0.92777778506279,58750
59000,9,12.817167917390814,0.5324197465181351,0.6763888949900866,0.9669791650772095,0.9337847241759301,0.5345339953899384,0.6333333417773247,0.9569444447755814,0.9222222238779068,59000
59200,9,12.597745215103524,0.49389186918735506,0.6721180602163076,0.9701736088097096,0.9390277796983719,0.6400895357131958,0.5819444462656975,0.9465277791023254,0.9270833373069763,59250
59500,9,12.82971059965312,0.5133833926916123,0.6870138930529356,0.9703472208976746,0.9347569474577904,0.5988706409931183,0.6354166671633721,0.9465277761220932,0.9215277880430222,59500
59700,9,13.159819125529081,0.5114677846431732,0.6816319502145052,0.9682986092567444,0.9351736125349999,0.5899155616760254,0.6034722372889518,0.96875,0.9159722268581391,59750
60000,9,12.123594936288825,0.5173003496229649,0.6790625043585896,0.9671874994039535,0.937013891339302,0.5636238574981689,0.5972222268581391,0.9548611104488373,0.9381944477558136,60000
60200,9,12.33140763870336,0.5377434769272804,0.6805208368599415,0.9647569423913955,0.9320833356678486,0.5044327318668366,0.6256944477558136,0.9694444417953492,0.9375000089406967,60250
60500,9,12.621955241710078,0.5143745343387127,0.6699652826040983,0.9689930537343026,0.9359027783572674,0.7250635743141174,0.6305555582046509,0.95625,0.9180555522441864,60500
60700,9,12.950330221835983,0.5005255757272243,0.6732986156642436,0.9713541647791862,0.9380555570125579,0.5241525530815124,0.6125000059604645,0.9659722238779068,0.9409722328186035,60750
61000,9,12.463187751921856,0.5293456718325615,0.6704166711866856,0.9730902759730816,0.9359375020861626,0.6390322804450989,0.6458333373069763,0.9680555522441864,0.9243055611848832,61000
61200,9,12.528826309703641,0.5158944287896157,0.6680555614084005,0.9676388880610466,0.9350000010430812,0.5857657492160797,0.6222222298383713,0.9826388895511627,0.9215277850627899,61250
61500,9,12.958087641052263,0.5475834441184998,0.6719097256660461,0.9679166649281978,0.9268055586516857,0.49381844997406005,0.6541666716337204,0.9638888895511627,0.9430555522441864,61500
61700,9,12.84803741920322,0.5179077762365342,0.666493059694767,0.9671180538833142,0.9380902779102326,0.48875352144241335,0.599305559694767,0.9701388895511627,0.9430555611848831,61750
62000,9,13.044279288317888,0.5176822349429131,0.6775347273796797,0.9696180540323257,0.9369097235798836,0.526428496837616,0.7027777850627899,0.9722222208976745,0.9333333402872086,62000
62200,9,12.808703961520727,0.5272487953305245,0.6766319490224123,0.969618055075407,0.9357291676104069,0.5943689048290253,0.6500000089406968,0.9666666686534882,0.9250000029802322,62250
62500,9,12.857579338527636,0.5186014825105667,0.677986117452383,0.9692013868689537,0.9346527808904648,0.6684093415737152,0.6527777835726738,0.9722222208976745,0.9090277791023255,62500
62700,10,12.583823823874278,0.5260114493966103,0.6753125045448541,0.9676736107468605,0.9363194470107555,0.526913583278656,0.6263888910412788,0.9604166686534882,0.9291666626930237,62750
63000,10,12.780838493266032,0.5239384524524212,0.6734375027939677,0.9692013868689537,0.9332986126840115,0.621636587381363,0.5888888910412788,0.9437499970197678,0.9340277761220932,63000
63200,10,12.55688058200306,0.5330612900853157,0.6715277832746506,0.9658680516481399,0.9328819482028484,0.6205976605415344,0.6180555552244187,0.9645833283662796,0.9145833402872086,63250
63500,10,13.56412141796434,0.49990847781300546,0.6719791712611913,0.9675694431364537,0.9381597238779068,0.584156620502472,0.6270833373069763,0.9708333283662796,0.9291666716337204,63500
63700,10,12.809931136798072,0.5258629587292671,0.6746180592477322,0.9684722208976746,0.9365625022351742,0.641726291179657,0.6006944477558136,0.9673611044883728,0.9354166686534882,63750
64000,10,13.032950061659657,0.49336264938116076,0.6702430591732264,0.9701388874650001,0.9389236125349999,0.6002449750900268,0.61527778506279,0.9631944388151169,0.9263888895511627,64000
64200,10,12.95307460356088,0.5184505824744702,0.6756597273796797,0.9705208307504654,0.9355208358168602,0.7525788486003876,0.6013888910412788,0.9576388865709304,0.9076388865709305,64250
64500,10,12.687208210067517,0.5159515678882599,0.6707291704416275,0.9704861102998257,0.9346875020861626,0.6531747221946717,0.5645833373069763,0.973611107468605,0.9236111134290695,64500
64700,10,13.004024847730774,0.5167307418584823,0.6775000052154064,0.9672222223877907,0.9366319471597672,0.6147514224052429,0.655555559694767,0.9541666597127915,0.9270833373069763,64750
65000,10,11.717974768899676,0.5359419479966163,0.6714236166328191,0.9660069437325001,0.9321527798473835,0.5161031067371369,0.6229166656732559,0.9541666656732559,0.9409722268581391,65000
65200,10,11.628903288140455,0.4948834031820297,0.6657986157014966,0.9704861083626747,0.9385069452226162,0.5663984715938568,0.611805559694767,0.9652777791023255,0.9284722238779068,65250
65500,10,12.362793330152174,0.5282576754689217,0.6737500050663948,0.9685763867199421,0.9354166677594185,0.5660131514072418,0.6493055582046509,0.9652777820825577,0.9340277820825577,65500
65700,10,12.292503209696342,0.5195390704274178,0.6840625046938658,0.9674652762711048,0.9355902802944184,0.6047467231750489,0.596527773886919,0.9611111134290695,0.9284722208976746,65750
66000,10,12.27644599407975,0.4911407768726349,0.670520838573575,0.9720486095547676,0.9420833347737789,0.5232381641864776,0.6090277820825577,0.9631944417953491,0.9319444447755814,66000
66200,10,12.531770845720283,0.5196909034252166,0.6753819482773542,0.9705902749300003,0.9337847244739532,0.6981359481811523,0.6319444477558136,0.964583334326744,0.9166666656732559,66250
66500,10,12.457425734516807,0.513870650678873,0.6788888937234878,0.9670138868689537,0.9377083341777325,0.4374366343021393,0.592361119389534,0.9604166626930237,0.9388888865709305,66500
66700,10,12.533510291838995,0.5051440113782882,0.675937504246831,0.9690972189605236,0.9384375020861626,0.6313534736633301,0.6208333417773246,0.9548611104488373,0.9270833402872085,66750
67000,10,12.438212674758827,0.520329256951809,0.6726736150681972,0.9684374970197678,0.9330902773141861,0.5785081624984741,0.6076388925313949,0.9722222208976745,0.9333333313465119,67000
67200,10,12.29151724646832,0.5220297153294087,0.6695486156642437,0.970833330154419,0.9332986126840115,0.5783295273780823,0.5701388984918594,0.9687499940395355,0.9291666686534882,67250
67500,10,12.248015134576043,0.5178818047046662,0.6714236139506101,0.9707291646301747,0.9355902802944184,0.5441520273685455,0.6062500044703484,0.96875,0.9340277850627899,67500
67700,10,12.373572071880583,0.5110275499522686,0.6740972270816564,0.9653472198545933,0.9361111122369766,0.5493552446365356,0.6298611178994179,0.9618055552244187,0.9458333373069763,67750
68000,10,12.447407653176374,0.5075764927268028,0.6694097249954939,0.966319442987442,0.9384027782082558,0.44971839189529417,0.6062500044703484,0.9493055611848831,0.9506944388151168,68000
68200,10,12.53805722565579,0.5233991514146328,0.6710069494694472,0.9689930534362793,0.9345486126840115,0.4982499599456787,0.5722222253680229,0.9784722179174423,0.9291666775941849,68250
68500,10,12.439927719589592,0.5221832737326622,0.6804166711121797,0.965729164481163,0.9347569462656975,0.5988452792167663,0.5666666761040687,0.9409722179174423,0.9187499940395355,68500
68700,10,12.559005305450809,0.5323350170254707,0.6842013944685459,0.9688888873159885,0.9332986126840115,0.47877734899520874,0.5972222238779068,0.9708333313465118,0.9402777850627899,68750
69000,11,12.395180178842335,0.4715931683778763,0.6657291695475578,0.9693055537343025,0.9402777789533139,0.5689103007316589,0.6645833283662796,0.9666666686534882,0.9250000029802322,69000
69200,11,12.460143946119041,0.5032588644325733,0.6771527805924415,0.969895830899477,0.9398611111938954,0.5336568772792816,0.6125000029802322,0.9687499970197677,0.9326388984918594,69250
69500,11,12.366571811065805,0.4967011180520058,0.6740972262620926,0.9716666641831398,0.9367361125349999,0.7460161685943604,0.617361119389534,0.9708333343267441,0.8979166686534882,69500
69700,11,12.470734624370134,0.5339539799094201,0.6753125040233136,0.9653124988079071,0.9313194450736045,0.47065881490707395,0.584722226858139,0.9541666686534882,0.9451388865709305,69750
70000,11,12.571853169359573,0.5396355956792831,0.6803125037997961,0.9689236104488372,0.9303472232818604,0.6423387408256531,0.6236111164093018,0.9687500029802323,0.9284722238779068,70000
70200,11,12.473854833530122,0.5155209439992905,0.6652083371579647,0.9674652764201164,0.9362152796983719,0.6551835119724274,0.5909722223877907,0.9673611134290695,0.9166666686534881,70250
70500,11,12.523311182652632,0.5309910967946052,0.6772222270816565,0.9693402756750583,0.9332986132800579,0.5519606232643127,0.5923611164093018,0.9631944417953491,0.9298611164093018,70500
70700,11,12.321634572858487,0.5176611053943634,0.6734027822688222,0.9669444435834884,0.9390625017881393,0.5284540832042695,0.6090277791023254,0.9409722268581391,0.9374999970197677,70750
71000,11,12.381105429190582,0.508949912339449,0.6753819476813078,0.974583330899477,0.9368402799963951,0.7430177211761475,0.6263888940215111,0.971527773141861,0.9104166626930237,71000
71200,11,12.417342507685005,0.5256020981073379,0.6727777823060751,0.9645486091077328,0.9331597235798835,0.5892505466938018,0.6145833358168602,0.9631944447755814,0.9208333373069764,71250
71500,11,12.684466374689036,0.5042278066277504,0.671493060812354,0.965798610150814,0.9363194452226162,0.5835260927677155,0.5881944507360458,0.9631944388151169,0.9291666746139526,71500
71700,11,12.44699763171042,0.5108236345648766,0.668229171037674,0.9719791641831398,0.9360069461166859,0.5025040328502655,0.6076388925313949,0.9624999970197677,0.9409722298383713,71750
72000,11,12.484709274401045,0.5020348644256591,0.67468750461936,0.9711111089587212,0.9380208359658718,0.49849010705947877,0.6097222283482552,0.9701388835906982,0.9451388835906982,72000
72200,11,12.66158501170191,0.48817456036806106,0.6739583372324706,0.9663541661202908,0.9398958341777325,0.7354891419410705,0.5729166701436043,0.9597222179174423,0.9062500029802323,72250
72500,11,12.594973072163635,0.5089239194989205,0.6640625045448542,0.9675347204506397,0.9360069450736046,0.6563260316848755,0.5777777761220932,0.9652777791023255,0.9111111164093018,72500
72700,11,12.47584801508891,0.5266354933381081,0.6685416726022959,0.9697916655242443,0.931770835518837,0.5473548650741578,0.5833333373069763,0.9479166686534881,0.9340277791023255,72750
73000,11,12.328123829350336,0.5320368009805679,0.6698263934999704,0.9715972200036049,0.9324652786552906,0.7190832495689392,0.6090277805924416,0.9701388895511627,0.9215277820825577,73000
73200,11,12.526983029408262,0.5275448939204216,0.6760763920843601,0.9717361098527908,0.9356944462656975,0.6579247057437897,0.6083333432674408,0.9395833343267441,0.9229166775941848,73250
73500,11,12.217183881069063,0.5263274991512299,0.6745833390206099,0.9673263870179654,0.9353472247719765,0.5489347219467163,0.6430555626749992,0.9631944358348846,0.9361111164093018,73500
73700,11,12.688016099604779,0.5196715688705444,0.6770138942077756,0.9700694432854653,0.9322569459676743,0.5873967468738556,0.6493055626749993,0.9631944477558136,0.9361111164093018,73750
74000,11,12.472957145204733,0.5440896658599377,0.6796180582791567,0.9706597191095352,0.9318750016391277,0.6247614860534668,0.5944444462656975,0.9597222208976746,0.9208333343267441,74000
74200,11,12.504243800890581,0.5203337740898132,0.6738194493204355,0.9714236089587212,0.9364583349227905,0.6682592272758484,0.604166679084301,0.9631944447755814,0.9090277791023255,74250
74500,11,12.079742409667702,0.5448857600986957,0.6665277826786041,0.9650347213447094,0.9311458350718022,0.5960950911045074,0.6013888925313949,0.9506944477558136,0.9347222208976745,74500
74700,11,12.431290532880189,0.5083696603775024,0.6782986158877611,0.9675347213447094,0.9377430573105812,0.6702876567840577,0.588888892531395,0.9624999940395356,0.9111111104488373,74750
75000,11,14.937735987280552,0.486243349313736,0.6769097276777029,0.968333330899477,0.9424652804434299,0.6188786029815674,0.5965277805924416,0.9625000029802322,0.9090277850627899,75000
75200,12,14.876348869431549,0.5081915950775147,0.6700347267836332,0.9714930540323258,0.938506944924593,0.6419190466403961,0.6520833358168602,0.9631944417953491,0.9368055552244187,75250
75500,12,14.580191148650856,0.5113186851143837,0.6688194501399994,0.9690277759730815,0.9373263908922672,0.653437340259552,0.6048611164093017,0.9722222208976745,0.9055555582046508,75500
75700,12,15.05540086460698,0.5346101117134094,0.6675000045448541,0.9736111089587212,0.930625002682209,0.5168689608573913,0.6180555611848831,0.9541666656732559,0.9375000029802323,75750
76000,12,14.437070774382217,0.5065486767888069,0.6815277832746506,0.9726736088097095,0.9389930574595928,0.6849021792411805,0.6562499985098839,0.9479166686534881,0.9145833343267441,76000
76200,12,14.580117151127848,0.5259776341915131,0.6806597267091274,0.9701388871669769,0.9346875014901161,0.7320096135139466,0.6388888910412789,0.9520833283662796,0.9020833462476731,76250
76500,12,15.050193097851603,0.4945217853784561,0.6633333379030227,0.9711458311975002,0.9379166682064534,0.6160479843616485,0.6020833432674408,0.9611111134290695,0.9173611134290696,76500
76700,12,14.719790285214396,0.540901787430048,0.667777780815959,0.9701736088097096,0.9305902789533138,0.5456739008426666,0.6083333373069764,0.9611111074686051,0.9256944447755814,76750
77000,12,14.799273554411775,0.5352655737102032,0.6720486150681972,0.96965277582407,0.9308680580556392,0.583110237121582,0.5930555611848831,0.9604166656732559,0.9152777850627899,77000
77200,12,14.704449712358478,0.4928603494167328,0.6837152830511332,0.9706944420933723,0.9387847250699997,0.6486379146575928,0.6000000059604644,0.9631944417953491,0.9180555611848831,77250
77500,12,14.791863343809968,0.5192120292782784,0.6743750046938658,0.9677777761220931,0.933020835518837,0.6692914128303528,0.5881944492459297,0.9583333283662796,0.9090277791023255,77500
77700,12,14.678623733439276,0.5242758932709694,0.6728125043958425,0.9672916647791863,0.9326736119389534,0.4856335699558258,0.5680555611848831,0.9555555582046509,0.9340277820825577,77750
78000,12,14.724097296410754,0.49234317019581797,0.668194449916482,0.9688541661202907,0.9383680565655231,0.5601118981838227,0.5694444462656975,0.9694444417953492,0.9291666686534882,78000
78200,12,14.508222303955252,0.5230458338558673,0.6713888940960169,0.9680902764201165,0.9355902801454067,0.6013608574867249,0.5861111208796501,0.9701388835906982,0.9166666656732559,78250
78500,12,14.21349446034131,0.49019919469952583,0.6785416694357991,0.9726388870179653,0.9413541665673256,0.526160192489624,0.5916666701436043,0.9645833313465119,0.9479166746139527,78500
78700,12,15.090833468855555,0.5183565604686737,0.6701736172288656,0.9711805546283722,0.9378125029802322,0.5760737657546997,0.6069444492459297,0.9777777761220932,0.9347222208976745,78750
79000,12,14.947603075747137,0.5345050537586212,0.6726736166328192,0.9684722203016282,0.9311458338797093,0.4950984239578247,0.6041666761040687,0.9743055552244186,0.9402777850627899,79000
79200,12,12.345075237103039,0.5195866557955742,0.6770486146584154,0.9687847201526165,0.9343750017881394,0.5192437767982483,0.5861111208796501,0.9611111074686051,0.9291666656732559,79250
79500,12,13.505594787849375,0.49758088603615763,0.6714930582791567,0.9668749991059303,0.9372569464147091,0.6055355429649353,0.6208333358168602,0.9687499970197677,0.9256944537162781,79500
79700,12,13.15960359771416,0.49312318161129953,0.6742361161112785,0.9703819425404072,0.9398611111938954,0.5654727697372437,0.6131944507360458,0.9687499910593033,0.9361111164093018,79750
80000,12,14.678967407739805,0.5094989921152592,0.6712847270071507,0.9689930544793606,0.9368750008940697,0.6208361029624939,0.5979166761040687,0.9506944447755814,0.9270833373069763,80000
80200,12,14.5643009645702,0.503407778441906,0.6760763923451304,0.9707638871669769,0.9337152788043022,0.5608761250972748,0.6166666731238365,0.9541666656732559,0.9312500029802322,80250
80500,12,14.637221949146495,0.48131214201450345,0.6757291699945926,0.970694442242384,0.9390277789533138,0.5182279229164124,0.6069444507360459,0.9583333402872085,0.9368055552244187,80500
80700,12,14.43573066916464,0.49975735127925874,0.6817013920843601,0.9690624983608722,0.9391666695475578,0.5519540309906006,0.5840277805924415,0.95,0.9388888955116272,80750
81000,12,14.333158983126166,0.5311426484584808,0.6796527818590402,0.9699999983608723,0.9323958365619183,0.45952468514442446,0.5895833402872086,0.9562499970197678,0.9333333373069763,81000
81200,12,14.590768351779426,0.4921302163600922,0.6620486161857844,0.9682638870179653,0.9367708350718021,0.493759948015213,0.5937500089406967,0.9715277791023255,0.93125,81250
81500,13,14.630342561350114,0.48537350848317146,0.6772569502145052,0.9704513864219189,0.9385069464147091,0.6101219058036804,0.6270833417773247,0.9625000029802322,0.9243055552244186,81500
81700,13,14.641464925638513,0.514229724407196,0.6678819477558136,0.9694791647791863,0.934444444924593,0.5839425265789032,0.5659722208976745,0.9736111134290695,0.925,81750
82000,13,14.54746847999476,0.5107475739717483,0.6765277834609151,0.9695833322405815,0.9386458361148834,0.5711826920509339,0.5930555656552314,0.9645833373069763,0.9284722298383713,82000
82200,13,14.465626778217972,0.528969238102436,0.6697222272306681,0.9717708310484886,0.9300694473087787,0.5940848350524902,0.5701388940215111,0.9597222179174423,0.9354166686534882,82250
82500,13,14.753828717438578,0.5161760097742081,0.6676041702926159,0.9692361098527909,0.9354166673123836,0.5915819644927979,0.5993055626749992,0.9694444417953492,0.932638892531395,82500
82700,13,13.81592500334503,0.5016501343250275,0.6753472262620925,0.9707638877630234,0.9383680573105813,0.5692211031913758,0.5937500059604645,0.9652777791023255,0.9249999970197678,82750
83000,13,14.771143981626508,0.5054042507708073,0.6737500037997961,0.9709027756750583,0.9379861129820347,0.5130347073078155,0.6243055626749993,0.9618055552244187,0.9326388865709305,83000
83200,13,14.471136246878874,0.4950974723696709,0.6708333379775285,0.9737847208976745,0.9383680579066277,0.6497054815292358,0.6090277820825577,0.9562499940395355,0.9326388955116272,83250
83500,13,14.723738584049709,0.5028473883867264,0.6730555611103773,0.9688194420933723,0.9325347222387791,0.5728569269180298,0.5902777791023255,0.9576388865709304,0.9284722238779068,83500
83700,13,14.908477151144615,0.5155939930677413,0.6758333363384008,0.9723958319425583,0.9387847234308719,0.5845197796821594,0.6423611178994179,0.9708333313465118,0.9277777791023254,83750
84000,13,14.79293960255515,0.5073032636940479,0.677465280815959,0.9699652756750584,0.9381250016391277,0.5084158599376678,0.6131944477558136,0.9486111104488373,0.9388888895511627,84000
84200,13,14.467647610619036,0.5343192341923714,0.6756597275286913,0.966388886719942,0.9343402789533138,0.583110237121582,0.5986111178994179,0.9631944417953491,0.9284722238779068,84250
84500,13,14.68961592275377,0.5092261055111885,0.6739583371579647,0.9704166641831398,0.9369097240269184,0.6201995968818664,0.5902777791023255,0.9527777820825577,0.9291666686534882,84500
84700,13,14.722379873964643,0.5169856992363929,0.6684375058859586,0.9673611092567443,0.9334027802944184,0.6201007902622223,0.5972222283482551,0.9638888835906982,0.9312500059604645,84750
85000,13,14.781182810666913,0.5081246554851532,0.6851736149936914,0.9735763871669769,0.9377777789533138,0.5949715435504913,0.5527777835726738,0.9541666686534882,0.9215277761220932,85000
85200,13,14.640189832570114,0.47677654460072516,0.6709375033527613,0.9706249982118607,0.9398611105978489,0.5280381679534912,0.5986111223697662,0.9548611104488373,0.94375,85250
85500,13,14.492240648293146,0.5039124038815498,0.6744097259640693,0.9705208316445351,0.9372569467127323,0.5669409275054932,0.5798611059784889,0.970138892531395,0.9347222238779068,85500
85700,13,14.82508917471911,0.5236175072193145,0.6799305588752032,0.9696180529892444,0.9353472255170345,0.5461234211921692,0.5743055552244186,0.9687500029802323,0.9326388895511627,85750
86000,13,14.815783465886835,0.5050975418090821,0.6725000050663948,0.9667361095547676,0.9363888894021511,0.5856455385684967,0.5687500014901161,0.9701388895511627,0.9236111134290695,86000
86200,13,15.040124351369931,0.5083824509382248,0.6703125046938658,0.969513887166977,0.9365972243249416,0.4674456179141998,0.5791666761040688,0.9486111044883728,0.9458333343267441,86250
86500,13,14.485644916749841,0.5204368621110916,0.6731597256660461,0.9715277759730816,0.9366319458186626,0.798286235332489,0.5486111164093017,0.96875,0.9034722238779068,86500
86700,13,14.768288128769575,0.4945327642560005,0.6767361163347959,0.9691319431364537,0.9386111125349998,0.6305381536483765,0.6173611149191857,0.9604166716337204,0.9326388865709305,86750
87000,13,14.525325202234217,0.4884236745536327,0.685902783498168,0.9696874988079071,0.9397569453716278,0.628650826215744,0.6215277865529061,0.9506944477558136,0.9159722268581391,87000
87200,13,14.521250815722516,0.4991429325938225,0.6799305585026741,0.9713194419443607,0.9399305574595929,0.5541022598743439,0.5930555582046508,0.9729166626930237,0.9222222179174423,87250
87500,13,14.56959181838809,0.5095440094172955,0.6728819485753774,0.9702083311975003,0.9391319462656975,0.5308031618595124,0.5638888970017433,0.9645833313465119,0.9354166686534882,87500
87700,14,14.410349027782507,0.5286428782343865,0.6740277811139822,0.9669444426894188,0.9335416685044765,0.5290224432945252,0.5763888940215111,0.9437500029802323,0.9319444477558136,87750
88000,14,14.499953122290531,0.4996538510918617,0.6756250047683716,0.9723263856768608,0.9395138889551162,0.5228293776512146,0.6041666641831398,0.9437499970197678,0.9395833402872086,88000
88200,14,14.535252189486583,0.49012751519680026,0.6799305602908134,0.969618054330349,0.9395138899981975,0.522163450717926,0.6284722268581391,0.9611111134290695,0.926388892531395,88250
88500,14,14.474181505365895,0.5123460730910301,0.6763541720062495,0.9676736097037792,0.9342708344757557,0.6576575815677643,0.6381944462656974,0.9520833313465118,0.9020833313465119,88500
88700,14,14.650534967740422,0.49405211448669434,0.6697222266346217,0.9703819417953491,0.9413194470107555,0.598458194732666,0.6138888880610466,0.9631944447755814,0.9270833402872085,88750
89000,14,14.766063398993664,0.509583742916584,0.6648958378657699,0.9661458313465119,0.938541669100523,0.5558844625949859,0.5826388955116272,0.9618055552244187,0.9340277820825577,89000
89200,14,14.822656098838817,0.5043806689977646,0.6861111147701741,0.9702777761220932,0.9366666680574417,0.6187133431434632,0.5798611089587211,0.9645833313465119,0.9270833313465119,89250
89500,14,14.691359157661184,0.5072504098713398,0.679236115962267,0.9716319420933723,0.9370833349227905,0.6652743458747864,0.6180555567145347,0.9680555522441864,0.9201389014720917,89500
89700,14,14.916355327210319,0.5161424443125725,0.6733680605888367,0.9672916659712791,0.9363541692495346,0.6523293018341064,0.6159722283482552,0.9472222238779068,0.9194444447755814,89750
90000,14,14.871878514706987,0.4929947227239609,0.680034726858139,0.9719791653752327,0.9373611132800579,0.5078802168369293,0.6055555611848831,0.9659722238779068,0.9263888955116272,90000
90200,14,14.135100535440184,0.49524543851614,0.6816319485753775,0.9694444420933723,0.9382291692495346,0.6329745829105378,0.5694444507360459,0.9444444477558136,0.9263888895511627,90250
90500,14,14.85495667848543,0.5048895700275898,0.6759722261130809,0.9691666649281978,0.9339236132800579,0.5468147218227386,0.5972222298383713,0.9590277791023254,0.9354166656732559,90500
90700,14,15.003349575171994,0.49298065185546874,0.6736805606633425,0.9714583326876164,0.9384375022351742,0.6212090432643891,0.6243055567145348,0.9680555552244187,0.9347222298383713,90750
91000,14,14.649678369609674,0.5074397078156472,0.669062505736947,0.9659375,0.937256945669651,0.5533913373947144,0.6097222298383713,0.9618055552244187,0.9368055582046508,91000
91200,14,14.57124593535477,0.5251869411766529,0.6751041730493307,0.9681249989569187,0.9362847243249416,0.5508588969707489,0.6138888880610466,0.9652777820825577,0.9298611164093018,91250
91500,14,14.927085546891584,0.4892178428173065,0.6833333370834589,0.9687847204506397,0.9373263907432556,0.5571419954299927,0.5993055626749992,0.9652777791023255,0.9416666686534881,91500
91700,14,14.649028056443637,0.4778663399815559,0.6749305611103773,0.9720486085116863,0.9427430561184883,0.4659068822860718,0.6152777835726738,0.9583333313465119,0.9486111134290696,91750
92000,14,14.72954887687253,0.5060756200551987,0.6824652809649706,0.9731597208976746,0.9387152796983719,0.5905820667743683,0.6173611164093018,0.9583333343267441,0.9305555582046509,92000
92200,14,14.778416802257798,0.5215317502617836,0.6680555605143309,0.9720138864219189,0.9355208350718022,0.5343864381313324,0.6034722313284874,0.9541666686534882,0.9277777791023254,92250
92500,14,14.388961001915062,0.49769338726997375,0.6778819470852614,0.9704861085116864,0.9403819453716278,0.6778648018836975,0.5923611134290695,0.9541666716337204,0.9104166716337204,92500
92700,14,14.748688467544406,0.5107211419939994,0.673194447606802,0.9693402770161629,0.9366319462656975,0.5724678933620453,0.6055555582046509,0.9534722208976746,0.9277777820825577,92750
93000,14,14.65150938033847,0.5166537089645863,0.6728125048428774,0.9691666650772095,0.9368055579066277,0.5086576521396637,0.5791666775941848,0.9604166686534882,0.9374999970197677,93000
93200,14,14.644338404245921,0.47513477236032486,0.6761458379402757,0.9718055532872677,0.9421180568635463,0.6065051317214966,0.6076388955116272,0.9666666686534882,0.9187500059604645,93250
93500,14,14.38667932584393,0.4910773369669914,0.668576392531395,0.9773958314955234,0.9387847234308719,0.6391710340976715,0.6097222238779068,0.9694444447755813,0.9187500059604645,93500
93700,14,14.606717391090855,0.5122522282600402,0.6721180601418019,0.9676041643321515,0.9353472238779068,0.5476884722709656,0.6250000074505806,0.9666666597127914,0.9319444477558136,93750
94000,15,14.6945492989169,0.49362204879522326,0.6688888951390982,0.9689236111938954,0.9412847244739533,0.5686820983886719,0.5777777835726738,0.9666666686534882,0.9375000029802323,94000
94200,15,14.348803294251928,0.49430703788995745,0.6738888961076737,0.9717013883590698,0.9386458353698254,0.49796378016471865,0.6284722298383713,0.9618055582046509,0.9361111164093018,94250
94500,15,14.57356577354626,0.4851072347164154,0.6741319506615401,0.9682986083626747,0.9416666682064533,0.6782836139202117,0.6347222283482552,0.9652777701616287,0.9083333373069763,94500
94700,15,14.70323733126068,0.49429857477545736,0.6838888957351447,0.9660763885080814,0.9378125025331974,0.6213623583316803,0.650694440305233,0.9458333313465118,0.9145833402872086,94750
95000,15,14.600926830569048,0.5399839702248573,0.6730555608868599,0.9681944426894188,0.9293055598437786,0.5252478301525116,0.5708333417773247,0.9625000029802322,0.9458333313465118,95000
95200,15,14.70659558082354,0.5118700923025608,0.677048615589738,0.9682291661202908,0.9361805582046508,0.6298332929611206,0.5659722253680229,0.9590277791023254,0.9243055522441864,95250
95500,15,14.76965272562742,0.5045590795576572,0.6709027816355229,0.9666666647791863,0.9386111123859883,0.5435004889965057,0.5493055656552315,0.9493055552244186,0.936111107468605,95500
95700,15,14.605333401769833,0.5139871810376644,0.6716666705906391,0.9700694423913956,0.9354861132800579,0.5286097347736358,0.5750000059604645,0.9520833343267441,0.9319444507360458,95750
96000,15,14.602607389623222,0.5165768706798554,0.6726041684672236,0.9696874977648258,0.9338541692495346,0.5426740050315857,0.6194444507360458,0.9513888925313949,0.9312500059604645,96000
96200,15,14.598227359299681,0.46930215537548065,0.6691319485008717,0.9702430538833141,0.9425347237288952,0.6190297961235046,0.6152777895331383,0.9625,0.9118055671453476,96250
96500,15,14.130370882549519,0.5147530952095986,0.6704166700690984,0.9694791653752327,0.9350000025331974,0.6563680291175842,0.6395833298563958,0.9625,0.9166666716337204,96500
96700,15,14.493484590022723,0.5125908562541008,0.6755555598437786,0.9690624992549419,0.9354166689515114,0.5066891849040985,0.611805559694767,0.9708333343267441,0.9298611253499984,96750
97000,15,15.13967157595879,0.5011139285564422,0.6786111152172088,0.9699999971687794,0.9392013902962207,0.5615373492240906,0.6541666731238365,0.9687499970197677,0.9291666746139526,97000
97200,15,14.757996774939373,0.5041716197133064,0.6728819490969181,0.9713888874650002,0.9380208349227905,0.635963237285614,0.584027786552906,0.9694444447755813,0.9173611134290696,97250
97500,15,14.541236272589243,0.5076216286420823,0.6852430606633425,0.9737152753770352,0.936006945669651,0.4684967756271362,0.5715277820825577,0.9534722208976746,0.9444444507360459,97500
97700,15,14.100738473490196,0.5202567940950393,0.6716319495439529,0.9705555552244186,0.9360763922333717,0.5632643461227417,0.6340277820825577,0.9437500059604644,0.9187500089406967,97750
98000,15,13.722533406990362,0.509311925470829,0.6789236154407263,0.9708333319425583,0.9363541688024998,0.6290429532527924,0.6201388955116272,0.9590277761220932,0.9236111134290695,98000
98200,15,10.779649907282197,0.5039288714528084,0.6704166705161333,0.9712499974668026,0.9401388904452324,0.5304061889648437,0.566666665673256,0.9611111134290695,0.9375000029802323,98250
98500,15,14.408543145254555,0.5066024461388587,0.6770138930529356,0.9702083310484886,0.9366666692495346,0.5969118595123291,0.6506944417953491,0.9611111074686051,0.9249999940395355,98500
98700,15,14.363807363181381,0.49933877021074297,0.6848958376795053,0.9682638870179653,0.9391666686534882,0.5138243019580842,0.5875000074505806,0.9548611134290695,0.9291666656732559,98750
99000,15,14.119142789798302,0.5475102497637272,0.6751736158132553,0.970729164481163,0.9302083353698254,0.5506048440933228,0.5826388880610466,0.9659722179174424,0.9201388925313949,99000
99200,15,14.608527501677038,0.5169735500216484,0.6758333359658718,0.9706249977648258,0.936423614025116,0.5995827198028565,0.5902777820825577,0.9624999940395356,0.9250000029802322,99250
99500,15,14.073707461913315,0.5065062791109085,0.6741666705161333,0.9747916650772095,0.939479169100523,0.6016280293464661,0.593055559694767,0.9826388895511627,0.9152777880430222,99500
99700,15,14.519754799402179,0.5068941776454449,0.675138893648982,0.9712847192585469,0.9372916682064534,0.6295463562011718,0.5888888910412788,0.9611111074686051,0.9201388955116272,99750
100000,15,14.524275962434508,0.532232980132103,0.6706250049173832,0.9740972201526165,0.9341666693985462,0.6961729526519775,0.6034722253680229,0.967361107468605,0.9159722208976746,100000
